V-Gene Alpha,CDR3 Alpha,J-Gene Alpha,V-Gene Beta,CDR3 Beta,J-Gene Beta
TRAV12-2,AAMGRGGFKTI,TRAJ9,TRBV3-1,ASSRGFSGTGELF,TRBJ2-2
TRAV12-2,AVNRSNMLT,TRAJ39,TRBV6-5,ASSPTGFDGYT,TRBJ1-2
TRAV12-2,AVISNAGGTSYGKLT,TRAJ52,TRBV11-2,ASRWANTEAF,TRBJ1-1
TRAV12-2,AVIPISGGYNKLI,TRAJ4,TRBV9,ASSANNEQF,TRBJ2-1
TRAV12-2,AVTGNQFY,TRAJ49,TRBV10-2,ASSAGSGIYYEQY,TRBJ2-7
TRAV12-2,AVSSLQGAQKLV,TRAJ54,TRBV4-1,ASSGTGYEKLF,TRBJ1-4
TRAV12-2,AVNAAGNKLT,TRAJ17,TRBV11-2,ASGQTGHEQY,TRBJ2-7
TRAV12-2,AVNPASGGSYIPT,TRAJ6,TRBV19,ASTWGRGGTEAF,TRBJ1-1
TRAV12-2,AVWDGQKLL,TRAJ16,TRBV28,ASSFRDRGPNEQF,TRBJ2-1
TRAV12-2,AVISLRLQFY,TRAJ49,TRBV11-3,ASSLVLRNTDTQY,TRBJ2-3
TRAV12-2,AVGLYSGAGSYQLT,TRAJ28,TRBV10-3,ATSGGGTGDVYEQY,TRBJ2-7
TRAV12-2,AVKAGNQFY,TRAJ49,TRBV7-6,ASSAPRDRGQDEQF,TRBJ2-1
TRAV12-2,AVSFWGAGSYQLT,TRAJ28,TRBV4-1,ASSQERLAGDNEQF,TRBJ2-1
TRAV12-2,AVKSGGSYIPT,TRAJ6,TRBV7-9,ASSSAGGATDTQY,TRBJ2-3
TRAV12-2,AVGSQGNLI,TRAJ42,TRBV24-1,ATSDPLTASYEQY,TRBJ2-7
TRAV12-2,AVNIPGYSTLT,TRAJ11,TRBV6-5,ASSPNRGLYTDTQY,TRBJ2-3
TRAV12-2,AVNGDYGQNFV,TRAJ26,TRBV5-5,ASSLGAGADYEQY,TRBJ2-7
TRAV12-2,AVLSGTYKYI,TRAJ40,TRBV10-3,AISESYQGALWSGELF,TRBJ2-2
TRAV12-2,ADPTGGGNKLT,TRAJ10,TRBV7-7,ASSLDGNTEAF,TRBJ1-1
TRAV12-2,AVNMKDTGGFKTI,TRAJ9,TRBV7-8,ASSLTSAEQF,TRBJ2-1
